title,cue,file_count,scanned_files,scanned_bytes,store_count,mode_values,baud_values,ctrl_values,multipliers,nominal_periods,fixed2x_periods,pair_count,notes
Andretti Racing (USA),Z:\Games\MiSTer\games\PSX\_Link_\Andretti Racing (USA)\Andretti Racing (USA).cue,22,3,845824,70,"0x0000,0x0001,0x00ce","0x0000,0x0001,0x00d8","0x0000,0x0001,0x0010,0x0050,0x0100","1,16","1,3456","2,6912",4,
Armored Core (USA),Z:\Games\MiSTer\games\PSX\_Link_\Armored Core (USA)\Armored Core (USA).cue,124,1,169984,39,"0x00ce,0x1050",0x00d8,"0x0005,0x0050",16,3456,6912,1,
Armored Core - Master of Arena (USA) (Disc 1),Z:\Games\MiSTer\games\PSX\_Link_\Armored Core - Master of Arena (USA) (Disc 1)\Armored Core - Master of Arena (USA) (Disc 1).cue,125,1,190464,39,"0x00ce,0x1050",0x00d8,"0x0005,0x0050",16,3456,6912,1,
Armored Core - Master of Arena (USA) (Disc 2),Z:\Games\MiSTer\games\PSX\_Link_\Armored Core - Master of Arena (USA) (Disc 2)\Armored Core - Master of Arena (USA) (Disc 2).cue,125,1,190464,39,"0x00ce,0x1050",0x00d8,"0x0005,0x0050",16,3456,6912,1,
Armored Core - Project Phantasma (USA),Z:\Games\MiSTer\games\PSX\_Link_\Armored Core - Project Phantasma (USA)\Armored Core - Project Phantasma (USA).cue,120,1,178176,39,"0x00ce,0x1050",0x00d8,"0x0005,0x0050",16,3456,6912,1,
Assault Rigs (USA),Z:\Games\MiSTer\games\PSX\_Link_\Assault Rigs (USA)\Assault Rigs (USA).cue,12,2,901120,36,"0x0000,0x0004,0x00ce","0x0000,0x0004,0x00d8","0x0000,0x0004,0x0010,0x0050,0x0100",16,3456,6912,4,
Ayrton Senna Kart Duel (Europe),Z:\Games\MiSTer\games\PSX\_Link_\Ayrton Senna Kart Duel (Europe)\Ayrton Senna Kart Duel (Europe).cue,515,1,618496,33,0x00ce,,"0x0000,0x0050",,,,0,
Blast Radius (Europe),Z:\Games\MiSTer\games\PSX\_Link_\Blast Radius (Europe)\Blast Radius (Europe).cue,186,1,292864,0,,,,,,,0,
Blast Radius (USA),Z:\Games\MiSTer\games\PSX\_Link_\Blast Radius (USA)\Blast Radius (USA).cue,186,1,276480,0,,,,,,,0,
Bogey - Dead 6 (USA),Z:\Games\MiSTer\games\PSX\_Link_\Bogey - Dead 6 (USA)\Bogey - Dead 6 (USA).cue,170,1,573440,36,"0x00ce,0x00ff","0x00d8,0x00ff","0x0000,0x0010,0x0050,0x00ff,0x0826,0x1827","16,64","3456,4080,16320","6912,8160,32640",3,
Burning Road (USA),Z:\Games\MiSTer\games\PSX\_Link_\Burning Road (USA)\Burning Road (USA).cue,4,1,307200,36,"0x0000,0x00ce","0x0000,0x00d8","0x0000,0x0010,0x0050,0x0826,0x1827",16,3456,6912,3,
Bushido Blade (USA),Z:\Games\MiSTer\games\PSX\_Link_\Bushido Blade (USA)\Bushido Blade (USA).cue,351,121,36497912,40,"0x00ce,0x1050",0x00d8,"0x0005,0x0050",16,3456,6912,2,
Bushido Blade 2 (USA),Z:\Games\MiSTer\games\PSX\_Link_\Bushido Blade 2 (USA)\Bushido Blade 2 (USA).cue,162,2,731136,39,"0x00ce,0x1050",0x00d8,"0x0005,0x0050",16,3456,6912,1,
C1 - Circuit (Japan),Z:\Games\MiSTer\games\PSX\_Link_\C1 - Circuit (Japan)\C1 - Circuit (Japan).cue,97,7,1097728,68,"0x0003,0x00ce","0x0003,0x00d8","0x0003,0x0010,0x0050,0x0300,0x0b26,0x1b27","16,64","48,192,3456","96,384,6912",6,
Car and Driver Presents - Grand Tour Racing '98 (USA),Z:\Games\MiSTer\games\PSX\_Link_\Car and Driver Presents - Grand Tour Racing '98 (USA)\Car and Driver Presents - Grand Tour Racing '98 (USA).cue,31,1,131072,39,"0x00ce,0x1050","0x0000,0x00d8","0x0001,0x0005,0x0050",16,3456,6912,2,
CART World Series (USA),Z:\Games\MiSTer\games\PSX\_Link_\CART World Series (USA)\CART World Series (USA).cue,372,4,2000000,84,"0x00ce,0x1050",0x00d8,"0x0005,0x0050",16,3456,6912,4,
Command & Conquer - Red Alert (USA) (Disc 1) (Allies),Z:\Games\MiSTer\games\PSX\_Link_\Command & Conquer - Red Alert (USA) (Disc 1) (Allies)\Command & Conquer - Red Alert (USA) (Disc 1) (Allies).cue,5,1,1755136,39,"0x00ce,0x1050",0x00d8,"0x0005,0x0050",16,3456,6912,2,
Command & Conquer - Red Alert (USA) (Disc 2) (Soviet),Z:\Games\MiSTer\games\PSX\_Link_\Command & Conquer - Red Alert (USA) (Disc 2) (Soviet)\Command & Conquer - Red Alert (USA) (Disc 2) (Soviet).cue,5,1,1755136,39,"0x00ce,0x1050",0x00d8,"0x0005,0x0050",16,3456,6912,2,
Command & Conquer - Red Alert - Retaliation (USA) (Disc 1) (Allies),Z:\Games\MiSTer\games\PSX\_Link_\Command & Conquer - Red Alert - Retaliation (USA) (Disc 1) (Allies)\Command & Conquer - Red Alert - Retaliation (USA) (Disc 1) (Allies).cue,5,1,1728512,39,"0x00ce,0x1050",0x00d8,"0x0005,0x0050",16,3456,6912,2,
Command & Conquer - Red Alert - Retaliation (USA) (Disc 2) (Soviet),Z:\Games\MiSTer\games\PSX\_Link_\Command & Conquer - Red Alert - Retaliation (USA) (Disc 2) (Soviet)\Command & Conquer - Red Alert - Retaliation (USA) (Disc 2) (Soviet).cue,5,1,1728512,39,"0x00ce,0x1050",0x00d8,"0x0005,0x0050",16,3456,6912,2,
Cool Boarders 2 (USA),Z:\Games\MiSTer\games\PSX\_Link_\Cool Boarders 2 (USA)\Cool Boarders 2 (USA).cue,345,1,266240,39,"0x00ce,0x1050",0x00d8,"0x0005,0x0050",16,3456,6912,1,
Dead in the Water (USA),Z:\Games\MiSTer\games\PSX\_Link_\Dead in the Water (USA)\Dead in the Water (USA).cue,16,2,976896,39,"0x00ce,0x1050",0x00d8,"0x0005,0x0050",16,3456,6912,1,
Descent (USA),Z:\Games\MiSTer\games\PSX\_Link_\Descent (USA)\Descent (USA).cue,25,1,727040,12,0x004e,,"0x0000,0x0050,0x0a27",,,,0,
Descent Maximum (USA),Z:\Games\MiSTer\games\PSX\_Link_\Descent Maximum (USA)\Descent Maximum (USA).cue,57,1,876544,12,0x004e,,"0x0000,0x0050,0x0a27",,,,0,
Destruction Derby (USA),Z:\Games\MiSTer\games\PSX\_Link_\Destruction Derby (USA)\Destruction Derby (USA).cue,181,19,2720912,24,0x00ce,0x00d8,"0x0010,0x0050,0x0300,0x0b26,0x1b27",16,3456,6912,1,
Dodgem Arena (Europe),Z:\Games\MiSTer\games\PSX\_Link_\Dodgem Arena (Europe)\Dodgem Arena (Europe).cue,17,1,475136,39,"0x00ce,0x1050",0x00d8,"0x0005,0x0050",16,3456,6912,1,
Doom (USA) (Rev 1),Z:\Games\MiSTer\games\PSX\_Link_\Doom (USA) (Rev 1)\Doom (USA) (Rev 1).cue,289,2,1335296,36,"0x0020,0x00ce","0x0020,0x00d8","0x0010,0x0020,0x0050,0x800a,0x882e,0x982f",16,"512,3456","1024,6912",3,
Duke Nukem - Total Meltdown (USA),Z:\Games\MiSTer\games\PSX\_Link_\Duke Nukem - Total Meltdown (USA)\Duke Nukem - Total Meltdown (USA).cue,99,1,673792,48,"0x0052,0x00ce,0x1050",0x00d8,"0x0004,0x0005,0x0050",16,3456,6912,1,
Dune 2000 (USA),Z:\Games\MiSTer\games\PSX\_Link_\Dune 2000 (USA)\Dune 2000 (USA).cue,7,3,3715072,78,"0x00ce,0x1050","0x0000,0x00d8","0x0000,0x0005,0x0050",16,3456,6912,4,
Explosive Racing (Europe),Z:\Games\MiSTer\games\PSX\_Link_\Explosive Racing (Europe)\Explosive Racing (Europe).cue,48,1,405504,32,"0x0000,0x00ce,0x00dc","0x0000,0x00d8,0x00dc","0x0000,0x0010,0x0050,0x00dc,0x0100",16,3456,6912,4,
Final Doom (USA),Z:\Games\MiSTer\games\PSX\_Link_\Final Doom (USA)\Final Doom (USA).cue,172,2,1343488,72,"0x0020,0x00ce","0x0020,0x00d8","0x0000,0x0010,0x0020,0x0050,0x0826,0x1827,0x800a,0x882e,0x982f",16,"512,3456","1024,6912",4,
Formula 1 (USA) (Rev 1),Z:\Games\MiSTer\games\PSX\_Link_\Formula 1 (USA) (Rev 1)\Formula 1 (USA) (Rev 1).cue,230,8,3643392,170,"0x0003,0x00ce","0x0003,0x00d8","0x0003,0x0010,0x0050,0x0300,0x0b26,0x1b27","16,64","48,192,3456","96,384,6912",7,
"Formula 1 98 (USA) (En,Fr,De,Es,It,Fi)","Z:\Games\MiSTer\games\PSX\_Link_\Formula 1 98 (USA) (En,Fr,De,Es,It,Fi)\Formula 1 98 (USA) (En,Fr,De,Es,It,Fi).cue",324,4,2068480,78,"0x00ce,0x1050","0x0000,0x00d8","0x0005,0x0009,0x0050",16,3456,6912,4,
Gekisou!! Grand Racing - Total Drivin' (Japan),Z:\Games\MiSTer\games\PSX\_Link_\Gekisou!! Grand Racing - Total Drivin' (Japan)\Gekisou!! Grand Racing - Total Drivin' (Japan).cue,31,1,135168,39,"0x00ce,0x1050","0x0000,0x00d8","0x0001,0x0005,0x0050",16,3456,6912,2,
Independence Day (USA),Z:\Games\MiSTer\games\PSX\_Link_\Independence Day (USA)\Independence Day (USA).cue,242,1,73728,0,,,,,,,0,
"Independence Day - The Game (Europe) (En,Fr,De,Es,It,Sv)","Z:\Games\MiSTer\games\PSX\_Link_\Independence Day - The Game (Europe) (En,Fr,De,Es,It,Sv)\Independence Day - The Game (Europe) (En,Fr,De,Es,It,Sv).cue",241,1,73728,0,,,,,,,0,
Krazy Ivan (USA),Z:\Games\MiSTer\games\PSX\_Link_\Krazy Ivan (USA)\Krazy Ivan (USA).cue,267,1,704512,37,"0x00ce,0x00e9","0x00d8,0x00e9","0x0010,0x0050,0x00e9,0x0100","1,16","233,3456","466,6912",2,
Leading Jockey Highbred (Japan),Z:\Games\MiSTer\games\PSX\_Link_\Leading Jockey Highbred (Japan)\Leading Jockey Highbred (Japan).cue,32,1,1484800,36,"0x00ce,0x00ff","0x00d8,0x00ff","0x0010,0x0050,0x00ff,0x7e94,0x7eb6,0x7eb7","16,64","3456,4080,16320","6912,8160,32640",3,
Metal Jacket (Japan),Z:\Games\MiSTer\games\PSX\_Link_\Metal Jacket (Japan)\Metal Jacket (Japan).cue,143,1,335872,35,"0x0002,0x00ce","0x0002,0x00d8","0x0002,0x0010,0x0050,0x0100",16,"32,3456","64,6912",2,
Mobile Suit Z-Gundam (Japan) (Disc 1),Z:\Games\MiSTer\games\PSX\_Link_\Mobile Suit Z-Gundam (Japan) (Disc 1)\Mobile Suit Z-Gundam (Japan) (Disc 1).cue,693,1,319488,33,0x00ce,,"0x0000,0x0050",,,,0,
Mobile Suit Z-Gundam (Japan) (Disc 2),Z:\Games\MiSTer\games\PSX\_Link_\Mobile Suit Z-Gundam (Japan) (Disc 2)\Mobile Suit Z-Gundam (Japan) (Disc 2).cue,427,1,313344,33,0x00ce,,"0x0000,0x0050",,,,0,
Monaco Grand Prix (USA),Z:\Games\MiSTer\games\PSX\_Link_\Monaco Grand Prix (USA)\Monaco Grand Prix (USA).cue,58,2,200704,0,,,,,,,0,
"Monaco Grand Prix Racing Simulation 2 (Europe) (En,Fr,Es,It)","Z:\Games\MiSTer\games\PSX\_Link_\Monaco Grand Prix Racing Simulation 2 (Europe) (En,Fr,Es,It)\Monaco Grand Prix Racing Simulation 2 (Europe) (En,Fr,Es,It).cue",57,1,104448,0,,,,,,,0,
Motor Toon Grand Prix (USA),Z:\Games\MiSTer\games\PSX\_Link_\Motor Toon Grand Prix (USA)\Motor Toon Grand Prix (USA).cue,54,4,1777664,142,"0x0000,0x00ce","0x0000,0x00d8","0x0000,0x0010,0x0050,0x0100",16,3456,6912,6,
Motor Toon Grand Prix - USA Edition (Japan),Z:\Games\MiSTer\games\PSX\_Link_\Motor Toon Grand Prix - USA Edition (Japan)\Motor Toon Grand Prix - USA Edition (Japan).cue,56,5,1841152,142,"0x0000,0x00ce","0x0000,0x00d8","0x0000,0x0010,0x0050,0x0100",16,3456,6912,6,
Motor Toon Grand Prix 2 (Europe),Z:\Games\MiSTer\games\PSX\_Link_\Motor Toon Grand Prix 2 (Europe)\Motor Toon Grand Prix 2 (Europe).cue,55,4,1312768,106,"0x0000,0x00ce","0x0000,0x00d8","0x0000,0x0010,0x0050,0x0100",16,3456,6912,5,
Over Drivin' DX (Japan),Z:\Games\MiSTer\games\PSX\_Link_\Over Drivin' DX (Japan)\Over Drivin' DX (Japan).cue,786,1,839680,35,0x00ce,0x00d8,"0x0010,0x0050,0x0100",16,3456,6912,1,
PrePre Vol. 2 (Japan),Z:\Games\MiSTer\games\PSX\_Link_\PrePre Vol. 2 (Japan)\PrePre Vol. 2 (Japan).cue,462,11,4212736,35,0x00ce,0x00d8,"0x0010,0x0050,0x0100",16,3456,6912,1,
Pro Pinball - Big Race USA (USA),Z:\Games\MiSTer\games\PSX\_Link_\Pro Pinball - Big Race USA (USA)\Pro Pinball - Big Race USA (USA).cue,478,1,522240,39,"0x00ce,0x1050",0x00d8,"0x0005,0x0050",16,3456,6912,1,
R4 - Ridge Racer Type 4 (USA),Z:\Games\MiSTer\games\PSX\_Link_\R4 - Ridge Racer Type 4 (USA)\R4 - Ridge Racer Type 4 (USA).cue,5,1,641024,39,"0x00ce,0x1050",0x00d8,"0x0005,0x0050",16,3456,6912,1,
Racingroovy VS (Japan),Z:\Games\MiSTer\games\PSX\_Link_\Racingroovy VS (Japan)\Racingroovy VS (Japan).cue,36,1,583680,34,"0x0003,0x00ce","0x0003,0x00d8","0x0003,0x0010,0x0050,0x0300,0x0b26,0x1b27","16,64","48,192,3456","96,384,6912",3,
Real Robots - Final Attack (Japan),Z:\Games\MiSTer\games\PSX\_Link_\Real Robots - Final Attack (Japan)\Real Robots - Final Attack (Japan).cue,817,1,1433600,39,"0x00ce,0x1050","0x0000,0x00d8","0x0001,0x0005,0x0050",16,3456,6912,2,
Red Asphalt (USA),Z:\Games\MiSTer\games\PSX\_Link_\Red Asphalt (USA)\Red Asphalt (USA).cue,518,1,282624,39,"0x00ce,0x1050",0x00d8,"0x0005,0x0050",16,3456,6912,1,
Ridge Racer Revolution (USA),Z:\Games\MiSTer\games\PSX\_Link_\Ridge Racer Revolution (USA)\Ridge Racer Revolution (USA).cue,43,2,598016,8,0x009e,0x0000,0x0050,16,,,1,
Road & Track Presents - The Need for Speed (USA),Z:\Games\MiSTer\games\PSX\_Link_\Road & Track Presents - The Need for Speed (USA)\Road & Track Presents - The Need for Speed (USA).cue,785,1,839680,35,0x00ce,0x00d8,"0x0010,0x0050,0x0100",16,3456,6912,1,
Robo Pit (USA),Z:\Games\MiSTer\games\PSX\_Link_\Robo Pit (USA)\Robo Pit (USA).cue,62,1,624640,0,,,,,,,0,
Rock & Roll Racing 2 - Red Asphalt (Europe),Z:\Games\MiSTer\games\PSX\_Link_\Rock & Roll Racing 2 - Red Asphalt (Europe)\Rock & Roll Racing 2 - Red Asphalt (Europe).cue,518,1,282624,39,"0x00ce,0x1050",0x00d8,"0x0005,0x0050",16,3456,6912,1,
Rogue Trip - Vacation 2012 (USA),Z:\Games\MiSTer\games\PSX\_Link_\Rogue Trip - Vacation 2012 (USA)\Rogue Trip - Vacation 2012 (USA).cue,247,1,870400,39,"0x00ce,0x1050",0x00d8,"0x0005,0x0050",16,3456,6912,1,
"San Francisco Rush - Extreme Racing (Europe) (En,Fr,De,Es,It)","Z:\Games\MiSTer\games\PSX\_Link_\San Francisco Rush - Extreme Racing (Europe) (En,Fr,De,Es,It)\San Francisco Rush - Extreme Racing (Europe) (En,Fr,De,Es,It).cue",531,6,3500032,195,"0x00ce,0x1050",0x00d8,"0x0005,0x0050",16,3456,6912,5,
San Francisco Rush - Extreme Racing (USA),Z:\Games\MiSTer\games\PSX\_Link_\San Francisco Rush - Extreme Racing (USA)\San Francisco Rush - Extreme Racing (USA).cue,380,2,774144,39,"0x00ce,0x1050",0x00d8,"0x0005,0x0050",16,3456,6912,1,
Shutokou Battle R (Japan),Z:\Games\MiSTer\games\PSX\_Link_\Shutokou Battle R (Japan)\Shutokou Battle R (Japan).cue,179,1,311296,39,"0x00ce,0x1050",0x00d8,"0x0005,0x0050",16,3456,6912,2,
Sidewinder (Japan),Z:\Games\MiSTer\games\PSX\_Link_\Sidewinder (Japan)\Sidewinder (Japan).cue,159,1,522240,36,"0x00ce,0x00ff","0x00d8,0x00ff","0x0000,0x0010,0x0050,0x00ff,0x0826,0x1827","16,64","3456,4080,16320","6912,8160,32640",3,
Sidewinder USA (Japan),Z:\Games\MiSTer\games\PSX\_Link_\Sidewinder USA (Japan)\Sidewinder USA (Japan).cue,185,1,573440,32,"0x0000,0x00ce,0x00dc","0x0000,0x00d8,0x00dc","0x0000,0x0010,0x0050,0x00dc,0x0100",16,3456,6912,4,
Soukou Kihei Votoms Gaiden - Ao no Kishi Berserga Monogatari (Japan) (Limited Edition),Z:\Games\MiSTer\games\PSX\_Link_\Soukou Kihei Votoms Gaiden - Ao no Kishi Berserga Monogatari (Japan) (Limited Edition)\Soukou Kihei Votoms Gaiden - Ao no Kishi Berserga Monogatari (Japan) (Limited Edition).cue,516,1,1929216,39,"0x00ce,0x1050","0x0000,0x00d8","0x0001,0x0005,0x0050",16,3456,6912,2,
Streak Hoverboard Racing (USA),Z:\Games\MiSTer\games\PSX\_Link_\Streak Hoverboard Racing (USA)\Streak Hoverboard Racing (USA).cue,208,1,757760,39,"0x00ce,0x1050",0x00d8,"0x0005,0x0050",16,3456,6912,1,
Test Drive 4 (USA),Z:\Games\MiSTer\games\PSX\_Link_\Test Drive 4 (USA)\Test Drive 4 (USA).cue,6,2,522240,15,0x00fe,,"0x0000,0x0050,0x0a27",,,,0,
Test Drive Off-Road (USA),Z:\Games\MiSTer\games\PSX\_Link_\Test Drive Off-Road (USA)\Test Drive Off-Road (USA).cue,207,1,663552,32,"0x0000,0x00ce,0x00dc","0x0000,0x00d8,0x00dc","0x0000,0x0010,0x0050,0x00dc,0x0100",16,3456,6912,4,
"TOCA 2 - Touring Car Challenge (USA) (En,Fr,Es)","Z:\Games\MiSTer\games\PSX\_Link_\TOCA 2 - Touring Car Challenge (USA) (En,Fr,Es)\TOCA 2 - Touring Car Challenge (USA) (En,Fr,Es).cue",478,5,2846720,195,"0x00ce,0x1050",0x00d8,"0x0005,0x0050",16,3456,6912,5,
"TOCA 2 Touring Cars (Europe) (En,Fr,De) (Rev 1)","Z:\Games\MiSTer\games\PSX\_Link_\TOCA 2 Touring Cars (Europe) (En,Fr,De) (Rev 1)\TOCA 2 Touring Cars (Europe) (En,Fr,De) (Rev 1).cue",481,5,2877440,195,"0x00ce,0x1050",0x00d8,"0x0005,0x0050",16,3456,6912,5,
"Total Drivin (Europe) (En,Fr,De,Es,It,Pt)","Z:\Games\MiSTer\games\PSX\_Link_\Total Drivin (Europe) (En,Fr,De,Es,It,Pt)\Total Drivin (Europe) (En,Fr,De,Es,It,Pt).cue",21,1,131072,39,"0x00ce,0x1050","0x0000,0x00d8","0x0001,0x0005,0x0050",16,3456,6912,2,
Trick'n Snowboarder (USA),Z:\Games\MiSTer\games\PSX\_Link_\Trick'n Snowboarder (USA)\Trick'n Snowboarder (USA).cue,7,1,636928,39,"0x00ce,0x1050",0x00d8,"0x0005,0x0050",16,3456,6912,1,
Tricky Sliders - Freestyle Snowboard (Japan),Z:\Games\MiSTer\games\PSX\_Link_\Tricky Sliders - Freestyle Snowboard (Japan)\Tricky Sliders - Freestyle Snowboard (Japan).cue,7,1,643072,39,"0x00ce,0x1050",0x00d8,"0x0005,0x0050",16,3456,6912,1,
Twisted Metal III (USA) (Rev 1),Z:\Games\MiSTer\games\PSX\_Link_\Twisted Metal III (USA) (Rev 1)\Twisted Metal III (USA) (Rev 1).cue,92,1,655360,40,"0x00ce,0x1050",0x00d8,"0x0005,0x0050",16,3456,6912,1,
Wing Over (Europe),Z:\Games\MiSTer\games\PSX\_Link_\Wing Over (Europe)\Wing Over (Europe).cue,99,1,575488,33,0x00ce,,"0x0000,0x0050",,,,0,
WipEout (USA),Z:\Games\MiSTer\games\PSX\_Link_\WipEout (USA)\WipEout (USA).cue,517,2,643072,37,0x00ce,0x00d8,"0x0010,0x0050,0x0100",16,3456,6912,1,
WipEout 2097 (Europe),Z:\Games\MiSTer\games\PSX\_Link_\WipEout 2097 (Europe)\WipEout 2097 (Europe).cue,447,11,1224927,39,"0x0000,0x00ce",0x00d8,"0x0010,0x0050,0x0100",16,3456,6912,1,
WipEout 3 (USA),Z:\Games\MiSTer\games\PSX\_Link_\WipEout 3 (USA)\WipEout 3 (USA).cue,43,1,1478656,39,"0x00ce,0x1050",0x00d8,"0x0005,0x0050",16,3456,6912,1,
"WipEout 3 - Special Edition (Europe) (En,Fr,De,Es,It)","Z:\Games\MiSTer\games\PSX\_Link_\WipEout 3 - Special Edition (Europe) (En,Fr,De,Es,It)\WipEout 3 - Special Edition (Europe) (En,Fr,De,Es,It).cue",109,1,1492992,39,"0x00ce,0x1050",0x00d8,"0x0005,0x0050",16,3456,6912,1,
Wipeout XL (USA),Z:\Games\MiSTer\games\PSX\_Link_\Wipeout XL (USA)\Wipeout XL (USA).cue,447,11,1222879,39,"0x0000,0x00ce",0x00d8,"0x0010,0x0050,0x0100",16,3456,6912,1,
X.Racing (Japan),Z:\Games\MiSTer\games\PSX\_Link_\X.Racing (Japan)\X.Racing (Japan).cue,48,1,409600,32,"0x0000,0x00ce,0x00dc","0x0000,0x00d8,0x00dc","0x0000,0x0010,0x0050,0x00dc,0x0100",16,3456,6912,4,
